<?xml version="1.0"?>
<opencv_storage>
<stage5>
  <maxWeakCount>3</maxWeakCount>
  <stageThreshold>-1.0312268733978271e+00</stageThreshold>
  <weakClassifiers>
    <_>
      <internalNodes>
        0 -1 68889 2.1924680098891258e-02</internalNodes>
      <leafValues>
        -9.5372748374938965e-01 1.</leafValues></_>
    <_>
      <internalNodes>
        0 -1 50731 -2.8781872987747192e-01</internalNodes>
      <leafValues>
        8.5499614477157593e-01 -9.1047692298889160e-01</leafValues></_>
    <_>
      <internalNodes>
        0 -1 14999 -3.6430712789297104e-02</internalNodes>
      <leafValues>
        8.3297765254974365e-01 -9.3357336521148682e-01</leafValues></_></weakClassifiers></stage5>
</opencv_storage>
