<?xml version="1.0"?>
<opencv_storage>
<stage1>
  <maxWeakCount>2</maxWeakCount>
  <stageThreshold>-2.7650547027587891e-01</stageThreshold>
  <weakClassifiers>
    <_>
      <internalNodes>
        0 -1 2975 -1.4884786307811737e-01</internalNodes>
      <leafValues>
        8.3333331346511841e-01 -9.9460917711257935e-01</leafValues></_>
    <_>
      <internalNodes>
        0 -1 60148 1.4764294028282166e-01</internalNodes>
      <leafValues>
        -9.7179824113845825e-01 7.1810370683670044e-01</leafValues></_></weakClassifiers></stage1>
</opencv_storage>
