<?xml version="1.0"?>
<opencv_storage>
<stage4>
  <maxWeakCount>2</maxWeakCount>
  <stageThreshold>-4.1262596845626831e-01</stageThreshold>
  <weakClassifiers>
    <_>
      <internalNodes>
        0 -1 6475 2.6228047907352448e-02</internalNodes>
      <leafValues>
        -9.3388432264328003e-01 5.4687500000000000e-01</leafValues></_>
    <_>
      <internalNodes>
        0 -1 54831 2.2258728742599487e-02</internalNodes>
      <leafValues>
        -9.5950096845626831e-01 6.1601454019546509e-01</leafValues></_></weakClassifiers></stage4>
</opencv_storage>
