<?xml version="1.0"?>
<opencv_storage>
<stage3>
  <maxWeakCount>3</maxWeakCount>
  <stageThreshold>-1.3721354007720947e+00</stageThreshold>
  <weakClassifiers>
    <_>
      <internalNodes>
        0 -1 12687 4.3671682476997375e-02</internalNodes>
      <leafValues>
        -9.6675902605056763e-01 6.1538463830947876e-01</leafValues></_>
    <_>
      <internalNodes>
        0 -1 68843 2.8535118326544762e-03</internalNodes>
      <leafValues>
        -9.1396027803421021e-01 6.0148495435714722e-01</leafValues></_>
    <_>
      <internalNodes>
        0 -1 73008 -3.8398215547204018e-03</internalNodes>
      <leafValues>
        5.0858384370803833e-01 -9.8498183488845825e-01</leafValues></_></weakClassifiers></stage3>
</opencv_storage>
