<?xml version="1.0"?>
<opencv_storage>
<stage2>
  <maxWeakCount>3</maxWeakCount>
  <stageThreshold>-1.1074812412261963e+00</stageThreshold>
  <weakClassifiers>
    <_>
      <internalNodes>
        0 -1 71269 3.5782435443252325e-03</internalNodes>
      <leafValues>
        -9.4021737575531006e-01 6.2601625919342041e-01</leafValues></_>
    <_>
      <internalNodes>
        0 -1 61393 -1.0309980809688568e-01</internalNodes>
      <leafValues>
        7.7005159854888916e-01 -8.6561810970306396e-01</leafValues></_>
    <_>
      <internalNodes>
        0 -1 34216 -2.9037471860647202e-02</internalNodes>
      <leafValues>
        6.9835424423217773e-01 -9.1144013404846191e-01</leafValues></_></weakClassifiers></stage2>
</opencv_storage>
